{"id":76,"rawData":{"formattedJson":[{"header":{"authorizationInfoQualifier":"00","authorizationInfoQualifier_1":"          ","securityInfoQualifier":"00","securityInformation":"          ","ISASenderIdQl":"08","ISASenderId":"6112390050     ","ISAReceiverQl":"12","ISAReceiverId":"718978080      ","createdDate":"2020/04/11","createdTime":"01:14","interchangeStandardsId":"U","interchangeVersionId":"00403","interchangeControlNumber":"000000157","acknowledgementRequested ":"0","testOrProd":"Prod","subElementSeparator":">","functionalId":"PC","senderId":"GXS","receiverId":"718978080","dataInterchangeDate":"2020/04/11","dataInterchangeTime":"01:14","noSent":"157","responsibleAgencyCode":"X","versionId":"004030VICS"},"footer":{"noSent":6,"dataInterchangeControlNum":157,"numberofIncludedGroups":1,"interchangeControlNumber":"000000157"},"content":[{"ediType":"860","poOrder":1,"purpose":"Change","poType":"Stand-alone","poNo":"0065128300","poDate":"2019/12/30","poChangeRequestDate":"2020/04/10","shipNotBeforedate/TimeQualifier":"shipNotBefore","shipNotBeforeDate":"2020/03/06","shipNotBeforedate/TimeQualifier_1":"shipNotBefore","shipNotBeforeDate_1":"2020/05/06","doNotShipAfterdate/TimeQualifier":"doNotShipAfter","doNotShipAfterDate":"2020/03/14","doNotShipAfterdate/TimeQualifier_1":"doNotShipAfter","doNotShipAfterDate_1":"2020/05/14","071date/TimeQualifier":"071","071Date":"2020/06/13","074date/TimeQualifier":"074","074Date":"2020/04/23","074date/TimeQualifier_1":"074","074Date_1":"2020/06/23","vendororganizationIdentifier":"vendor","vendorPartyName":"H KUNTZLER INDUSTRIA","vendorAdditionalName1":"DE CALCADOS LTDA","vendorPartyAddress1":"95 SAO MIGUEL AVE","vendorCityName":"DOIS IRMAOS-RS","vendorPartyStateZip":"93950-000","vendorPartyCountryCode":"BRA","numberofLineItems":0,"numberofIncludedSegments":15,"transactionSetControlNumber":1,"createdDate":"2020/04/11","createdTime":"01:14","dataInterchangeDate":"2020/04/11","dataInterchangeTime":"01:14","errorList":[],"hasError":false},{"ediType":"860","poOrder":2,"purpose":"Change","poType":"Stand-alone","poNo":"0065128400","poDate":"2019/12/30","poChangeRequestDate":"2020/04/10","doNotShipAfterdate/TimeQualifier":"doNotShipAfter","doNotShipAfterDate":"2020/03/14","doNotShipAfterdate/TimeQualifier_1":"doNotShipAfter","doNotShipAfterDate_1":"2020/05/14","071date/TimeQualifier":"071","071Date":"2020/04/13","071date/TimeQualifier_1":"071","071Date_1":"2020/06/13","074date/TimeQualifier":"074","074Date":"2020/04/24","074date/TimeQualifier_1":"074","074Date_1":"2020/06/23","vendororganizationIdentifier":"vendor","vendorPartyName":"H KUNTZLER INDUSTRIA","vendorAdditionalName1":"DE CALCADOS LTDA","vendorPartyAddress1":"95 SAO MIGUEL AVE","vendorCityName":"DOIS IRMAOS-RS","vendorPartyStateZip":"93950-000","vendorPartyCountryCode":"BRA","numberofLineItems":0,"numberofIncludedSegments":14,"transactionSetControlNumber":2,"createdDate":"2020/04/11","createdTime":"01:14","dataInterchangeDate":"2020/04/11","dataInterchangeTime":"01:14","errorList":[],"hasError":false},{"ediType":"860","poOrder":3,"purpose":"Change","poType":"Stand-alone","poNo":"0065128700","poDate":"2019/12/30","poChangeRequestDate":"2020/04/10","vendororganizationIdentifier":"vendor","vendorPartyName":"H KUNTZLER INDUSTRIA","vendorAdditionalName1":"DE CALCADOS LTDA","vendorPartyAddress1":"95 SAO MIGUEL AVE","vendorCityName":"DOIS IRMAOS-RS","vendorPartyStateZip":"93950-000","vendorPartyCountryCode":"BRA","purchaseOrderItems":[{"poLineNo":"000001","change":"Quantity Increase","quantity":2,"quantityChange":1,"quantityUnit":"case","unitPrice":144.0,"productIdQualifier1":"UP","upcen":"406942314135","productIdQualifier2":"IZ","size":"P6PA","productIdQualifier3":"IN","buyerSKU":"9422478","productIdQualifier4":"BO","colorDesc":"GLIMMER GOLD","productIdQualifier5":"VA","style":"BYRNE","productIdQualifier7":"JP","pack":"P","unitOfMeasurementCode":"Prepack","locationQualifier":"Pack by Store","locationIdentifier":"0037","quantity_1":1},{"poLineNo":"000002","change":"Quantity Increase","quantity":5,"quantityChange":3,"quantityUnit":"case","unitPrice":144.0,"productIdQualifier1":"UP","upcen":"406942314142","productIdQualifier2":"IZ","size":"P6QA","productIdQualifier3":"IN","buyerSKU":"9422479","productIdQualifier4":"BO","colorDesc":"GLIMMER GOLD","productIdQualifier5":"VA","style":"BYRNE","productIdQualifier7":"JP","pack":"Q","unitOfMeasurementCode":"Prepack","locationQualifier":"Pack by Store","locationIdentifier":"0037","quantity_1":3},{"poLineNo":"000003","change":"Quantity Increase","quantity":5,"quantityChange":3,"quantityUnit":"case","unitPrice":144.0,"productIdQualifier1":"UP","upcen":"406942314159","productIdQualifier2":"IZ","size":"P6RA","productIdQualifier3":"IN","buyerSKU":"9422481","productIdQualifier4":"BO","colorDesc":"GLIMMER GOLD","productIdQualifier5":"VA","style":"BYRNE","productIdQualifier7":"JP","pack":"R","unitOfMeasurementCode":"Prepack","locationQualifier":"Pack by Store","locationIdentifier":"0037","quantity_1":3},{"poLineNo":"000004","change":"Quantity Increase","quantity":4,"quantityChange":2,"quantityUnit":"case","unitPrice":144.0,"productIdQualifier1":"UP","upcen":"406942314166","productIdQualifier2":"IZ","size":"P6SA","productIdQualifier3":"IN","buyerSKU":"9422482","productIdQualifier4":"BO","colorDesc":"GLIMMER GOLD","productIdQualifier5":"VA","style":"BYRNE","productIdQualifier7":"JP","pack":"S","unitOfMeasurementCode":"Prepack","locationQualifier":"Pack by Store","locationIdentifier":"0037","quantity_1":2},{"poLineNo":"000005","change":"Quantity Increase","quantity":3,"quantityChange":1,"quantityUnit":"case","unitPrice":144.0,"productIdQualifier1":"UP","upcen":"406942314173","productIdQualifier2":"IZ","size":"P6TA","productIdQualifier3":"IN","buyerSKU":"9422483","productIdQualifier4":"BO","colorDesc":"GLIMMER GOLD","productIdQualifier5":"VA","style":"BYRNE","productIdQualifier7":"JP","pack":"T","unitOfMeasurementCode":"Prepack","locationQualifier":"Pack by Store","locationIdentifier":"0037","quantity_1":1},{"poLineNo":"000006","change":"Quantity Increase","quantity":4,"quantityChange":2,"quantityUnit":"case","unitPrice":144.0,"productIdQualifier1":"UP","upcen":"406942314180","productIdQualifier2":"IZ","size":"P6UA","productIdQualifier3":"IN","buyerSKU":"9422486","productIdQualifier4":"BO","colorDesc":"GLIMMER GOLD","productIdQualifier5":"VA","style":"BYRNE","productIdQualifier7":"JP","pack":"U","unitOfMeasurementCode":"Prepack","locationQualifier":"Pack by Store","locationIdentifier":"0037","quantity_1":2},{"poLineNo":"000007","change":"Quantity Increase","quantity":2,"quantityChange":1,"quantityUnit":"case","unitPrice":144.0,"productIdQualifier1":"UP","upcen":"406942314197","productIdQualifier2":"IZ","size":"P6VA","productIdQualifier3":"IN","buyerSKU":"9422489","productIdQualifier4":"BO","colorDesc":"GLIMMER GOLD","productIdQualifier5":"VA","style":"BYRNE","productIdQualifier7":"JP","pack":"V","unitOfMeasurementCode":"Prepack","locationQualifier":"Pack by Store","locationIdentifier":"0037","quantity_1":1},{"poLineNo":"000008","change":"Quantity Increase","quantity":3,"quantityChange":2,"quantityUnit":"case","unitPrice":144.0,"productIdQualifier1":"UP","upcen":"406942314203","productIdQualifier2":"IZ","size":"P6WA","productIdQualifier3":"IN","buyerSKU":"9422490","productIdQualifier4":"BO","colorDesc":"GLIMMER GOLD","productIdQualifier5":"VA","style":"BYRNE","productIdQualifier7":"JP","pack":"W","unitOfMeasurementCode":"Prepack","locationQualifier":"Pack by Store","locationIdentifier":"0037","quantity_1":2},{"poLineNo":"000009","change":"Quantity Increase","quantity":2,"quantityChange":1,"quantityUnit":"case","unitPrice":127.8,"productIdQualifier1":"UP","upcen":"406942314449","productIdQualifier2":"IZ","size":"P6NA","productIdQualifier3":"IN","buyerSKU":"9422642","productIdQualifier4":"BO","colorDesc":"BLACK","productIdQualifier5":"VA","style":"BYRNE","productIdQualifier7":"JP","pack":"N","unitOfMeasurementCode":"Prepack","locationQualifier":"Pack by Store","locationIdentifier":"0037","quantity_1":1},{"poLineNo":"000010","change":"Quantity Increase","quantity":2,"quantityChange":1,"quantityUnit":"case","unitPrice":127.8,"productIdQualifier1":"UP","upcen":"406942314456","productIdQualifier2":"IZ","size":"P6OA","productIdQualifier3":"IN","buyerSKU":"9422650","productIdQualifier4":"BO","colorDesc":"BLACK","productIdQualifier5":"VA","style":"BYRNE","productIdQualifier7":"JP","pack":"O","unitOfMeasurementCode":"Prepack","locationQualifier":"Pack by Store","locationIdentifier":"0037","quantity_1":1},{"poLineNo":"000011","change":"Quantity Increase","quantity":3,"quantityChange":1,"quantityUnit":"case","unitPrice":127.8,"productIdQualifier1":"UP","upcen":"406942314463","productIdQualifier2":"IZ","size":"P6PA","productIdQualifier3":"IN","buyerSKU":"9422651","productIdQualifier4":"BO","colorDesc":"BLACK","productIdQualifier5":"VA","style":"BYRNE","productIdQualifier7":"JP","pack":"P","unitOfMeasurementCode":"Prepack","locationQualifier":"Pack by Store","locationIdentifier":"0037","quantity_1":1},{"poLineNo":"000012","change":"Quantity Increase","quantity":5,"quantityChange":3,"quantityUnit":"case","unitPrice":127.8,"productIdQualifier1":"UP","upcen":"406942314470","productIdQualifier2":"IZ","size":"P6QA","productIdQualifier3":"IN","buyerSKU":"9422652","productIdQualifier4":"BO","colorDesc":"BLACK","productIdQualifier5":"VA","style":"BYRNE","productIdQualifier7":"JP","pack":"Q","unitOfMeasurementCode":"Prepack","locationQualifier":"Pack by Store","locationIdentifier":"0037","quantity_1":3},{"poLineNo":"000013","change":"Quantity Increase","quantity":5,"quantityChange":3,"quantityUnit":"case","unitPrice":127.8,"productIdQualifier1":"UP","upcen":"406942314487","productIdQualifier2":"IZ","size":"P6RA","productIdQualifier3":"IN","buyerSKU":"9422653","productIdQualifier4":"BO","colorDesc":"BLACK","productIdQualifier5":"VA","style":"BYRNE","productIdQualifier7":"JP","pack":"R","unitOfMeasurementCode":"Prepack","locationQualifier":"Pack by Store","locationIdentifier":"0037","quantity_1":3},{"poLineNo":"000014","change":"Quantity Increase","quantity":5,"quantityChange":3,"quantityUnit":"case","unitPrice":127.8,"productIdQualifier1":"UP","upcen":"406942314494","productIdQualifier2":"IZ","size":"P6SA","productIdQualifier3":"IN","buyerSKU":"9422654","productIdQualifier4":"BO","colorDesc":"BLACK","productIdQualifier5":"VA","style":"BYRNE","productIdQualifier7":"JP","pack":"S","unitOfMeasurementCode":"Prepack","locationQualifier":"Pack by Store","locationIdentifier":"0037","quantity_1":3},{"poLineNo":"000015","change":"Quantity Increase","quantity":4,"quantityChange":2,"quantityUnit":"case","unitPrice":127.8,"productIdQualifier1":"UP","upcen":"406942314500","productIdQualifier2":"IZ","size":"P6TA","productIdQualifier3":"IN","buyerSKU":"9422655","productIdQualifier4":"BO","colorDesc":"BLACK","productIdQualifier5":"VA","style":"BYRNE","productIdQualifier7":"JP","pack":"T","unitOfMeasurementCode":"Prepack","locationQualifier":"Pack by Store","locationIdentifier":"0037","quantity_1":2},{"poLineNo":"000016","change":"Quantity Increase","quantity":5,"quantityChange":3,"quantityUnit":"case","unitPrice":127.8,"productIdQualifier1":"UP","upcen":"406942314517","productIdQualifier2":"IZ","size":"P6UA","productIdQualifier3":"IN","buyerSKU":"9422656","productIdQualifier4":"BO","colorDesc":"BLACK","productIdQualifier5":"VA","style":"BYRNE","productIdQualifier7":"JP","pack":"U","unitOfMeasurementCode":"Prepack","locationQualifier":"Pack by Store","locationIdentifier":"0037","quantity_1":3},{"poLineNo":"000017","change":"Quantity Increase","quantity":5,"quantityChange":3,"quantityUnit":"case","unitPrice":127.8,"productIdQualifier1":"UP","upcen":"406942314531","productIdQualifier2":"IZ","size":"P6WA","productIdQualifier3":"IN","buyerSKU":"9422659","productIdQualifier4":"BO","colorDesc":"BLACK","productIdQualifier5":"VA","style":"BYRNE","productIdQualifier7":"JP","pack":"W","unitOfMeasurementCode":"Prepack","locationQualifier":"Pack by Store","locationIdentifier":"0037","quantity_1":3}],"numberofLineItems":17,"numberofIncludedSegments":42,"transactionSetControlNumber":3,"createdDate":"2020/04/11","createdTime":"01:14","dataInterchangeDate":"2020/04/11","dataInterchangeTime":"01:14","errorList":[],"hasError":false},{"ediType":"860","poOrder":4,"purpose":"Change","poType":"Stand-alone","poNo":"0065128800","poDate":"2019/12/30","poChangeRequestDate":"2020/04/10","vendororganizationIdentifier":"vendor","vendorPartyName":"H KUNTZLER INDUSTRIA","vendorAdditionalName1":"DE CALCADOS LTDA","vendorPartyAddress1":"95 SAO MIGUEL AVE","vendorCityName":"DOIS IRMAOS-RS","vendorPartyStateZip":"93950-000","vendorPartyCountryCode":"BRA","purchaseOrderItems":[{"poLineNo":"000001","change":"Quantity Increase","quantity":5,"quantityChange":3,"quantityUnit":"case","unitPrice":156.0,"productIdQualifier1":"UP","upcen":"406942314807","productIdQualifier2":"IZ","size":"P6VA","productIdQualifier3":"IN","buyerSKU":"9422694","productIdQualifier4":"BO","colorDesc":"BLACK/ECRU","productIdQualifier5":"VA","style":"BRANSON","productIdQualifier7":"JP","pack":"V","unitOfMeasurementCode":"Prepack","locationQualifier":"Pack by Store","locationIdentifier":"0037","quantity_1":3}],"numberofLineItems":1,"numberofIncludedSegments":10,"transactionSetControlNumber":4,"createdDate":"2020/04/11","createdTime":"01:14","dataInterchangeDate":"2020/04/11","dataInterchangeTime":"01:14","errorList":[],"hasError":false},{"ediType":"860","poOrder":5,"purpose":"Change","poType":"Stand-alone","poNo":"0075611700","poDate":"2020/04/09","poChangeRequestDate":"2020/04/10","074date/TimeQualifier":"074","074Date":"2020/09/01","071date/TimeQualifier":"071","071Date":"2020/08/03","doNotShipAfterdate/TimeQualifier":"doNotShipAfter","doNotShipAfterDate":"2020/06/23","shipNotBeforedate/TimeQualifier":"shipNotBefore","shipNotBeforeDate":"2020/06/17","vendororganizationIdentifier":"vendor","vendorPartyName":"CALCADOS MALU LTD","vendorPartyAddress1":"RUA RUDOLFO BEHNE, 166","vendorCityName":"LINDOLFO COLLOR","vendorPartyStateZip":"93940-000","vendorPartyCountryCode":"BRA","numberofLineItems":0,"numberofIncludedSegments":11,"transactionSetControlNumber":5,"createdDate":"2020/04/11","createdTime":"01:14","dataInterchangeDate":"2020/04/11","dataInterchangeTime":"01:14","errorList":[],"hasError":false},{"ediType":"860","poOrder":6,"purpose":"Change","poType":"Stand-alone","poNo":"0075611800","poDate":"2020/04/09","poChangeRequestDate":"2020/04/10","074date/TimeQualifier":"074","074Date":"2020/09/06","071date/TimeQualifier":"071","071Date":"2020/08/03","doNotShipAfterdate/TimeQualifier":"doNotShipAfter","doNotShipAfterDate":"2020/06/23","shipNotBeforedate/TimeQualifier":"shipNotBefore","shipNotBeforeDate":"2020/06/17","vendororganizationIdentifier":"vendor","vendorPartyName":"CALCADOS MALU LTD","vendorPartyAddress1":"RUA RUDOLFO BEHNE, 166","vendorCityName":"LINDOLFO COLLOR","vendorPartyStateZip":"93940-000","vendorPartyCountryCode":"BRA","numberofLineItems":0,"numberofIncludedSegments":11,"transactionSetControlNumber":6,"createdDate":"2020/04/11","createdTime":"01:14","dataInterchangeDate":"2020/04/11","dataInterchangeTime":"01:14","errorList":[],"hasError":false}]}],"importError":[]},"data":{"ISASenderIdQl":"08","ISASenderId":"6112390050     ","ISAReceiverQl":"12","ISAReceiverId":"718978080      ","testOrProd":"Prod","senderId":"GXS","receiverId":"GXS","versionId":"004030VICS","noSent":6,"ediType":"860","poList":[{"ediType":"860","update":true,"edi":true,"isChange":true,"purpose":"Change","poNo":"0065128300","poDate":"2019-12-30T00:00:00","poOrder":1,"shipNotBefore":"2020-03-06T00:00:00","doNotShipAfter":"2020-03-14T00:00:00","vendorPartyName":"H KUNTZLER INDUSTRIA","vendorAdditionalName1":"DE CALCADOS LTDA","vendorPartyAddress1":"95 SAO MIGUEL AVE","vendorPartyCountryCode":"BRA","vendorPartyStateZip":"93950-000","ediCreatedDateActual":"2020/04/1101:14","dataInterchangeDateActual":"2020-04-11T01:14:00","errorList":[],"hasError":false},{"ediType":"860","update":true,"edi":true,"isChange":true,"purpose":"Change","poNo":"0065128400","poDate":"2019-12-30T00:00:00","poOrder":2,"doNotShipAfter":"2020-03-14T00:00:00","vendorPartyName":"H KUNTZLER INDUSTRIA","vendorAdditionalName1":"DE CALCADOS LTDA","vendorPartyAddress1":"95 SAO MIGUEL AVE","vendorPartyCountryCode":"BRA","vendorPartyStateZip":"93950-000","ediCreatedDateActual":"2020/04/1101:14","dataInterchangeDateActual":"2020-04-11T01:14:00","errorList":[],"hasError":false},{"ediType":"860","update":true,"edi":true,"isChange":true,"purpose":"Change","poNo":"0065128700","poDate":"2019-12-30T00:00:00","poOrder":3,"vendorPartyName":"H KUNTZLER INDUSTRIA","vendorAdditionalName1":"DE CALCADOS LTDA","vendorPartyAddress1":"95 SAO MIGUEL AVE","vendorPartyCountryCode":"BRA","vendorPartyStateZip":"93950-000","ediCreatedDateActual":"2020/04/1101:14","dataInterchangeDateActual":"2020-04-11T01:14:00","purchaseOrderItems":[{"addItem":false,"priceChange":false,"changeLineItem":false,"deleteItem":false,"quantityUnit":"case","isQuantityChange":true,"quantityChangeSign":"+","quantityChange":1,"product":{"poLineNo":"000001","upcen":"406942314135","colorDesc":"GLIMMER GOLD","pack":"000001","buyerSKU":"9422478","style":"BYRNE","price":144.0},"size":"P6PA","packCode":null},{"addItem":false,"priceChange":false,"changeLineItem":false,"deleteItem":false,"quantityUnit":"case","isQuantityChange":true,"quantityChangeSign":"+","quantityChange":3,"product":{"poLineNo":"000002","upcen":"406942314142","colorDesc":"GLIMMER GOLD","pack":"000002","buyerSKU":"9422479","style":"BYRNE","price":144.0},"size":"P6QA","packCode":null},{"addItem":false,"priceChange":false,"changeLineItem":false,"deleteItem":false,"quantityUnit":"case","isQuantityChange":true,"quantityChangeSign":"+","quantityChange":3,"product":{"poLineNo":"000003","upcen":"406942314159","colorDesc":"GLIMMER GOLD","pack":"000003","buyerSKU":"9422481","style":"BYRNE","price":144.0},"size":"P6RA","packCode":null},{"addItem":false,"priceChange":false,"changeLineItem":false,"deleteItem":false,"quantityUnit":"case","isQuantityChange":true,"quantityChangeSign":"+","quantityChange":2,"product":{"poLineNo":"000004","upcen":"406942314166","colorDesc":"GLIMMER GOLD","pack":"000004","buyerSKU":"9422482","style":"BYRNE","price":144.0},"size":"P6SA","packCode":null},{"addItem":false,"priceChange":false,"changeLineItem":false,"deleteItem":false,"quantityUnit":"case","isQuantityChange":true,"quantityChangeSign":"+","quantityChange":1,"product":{"poLineNo":"000005","upcen":"406942314173","colorDesc":"GLIMMER GOLD","pack":"000005","buyerSKU":"9422483","style":"BYRNE","price":144.0},"size":"P6TA","packCode":null},{"addItem":false,"priceChange":false,"changeLineItem":false,"deleteItem":false,"quantityUnit":"case","isQuantityChange":true,"quantityChangeSign":"+","quantityChange":2,"product":{"poLineNo":"000006","upcen":"406942314180","colorDesc":"GLIMMER GOLD","pack":"000006","buyerSKU":"9422486","style":"BYRNE","price":144.0},"size":"P6UA","packCode":null},{"addItem":false,"priceChange":false,"changeLineItem":false,"deleteItem":false,"quantityUnit":"case","isQuantityChange":true,"quantityChangeSign":"+","quantityChange":1,"product":{"poLineNo":"000007","upcen":"406942314197","colorDesc":"GLIMMER GOLD","pack":"000007","buyerSKU":"9422489","style":"BYRNE","price":144.0},"size":"P6VA","packCode":null},{"addItem":false,"priceChange":false,"changeLineItem":false,"deleteItem":false,"quantityUnit":"case","isQuantityChange":true,"quantityChangeSign":"+","quantityChange":2,"product":{"poLineNo":"000008","upcen":"406942314203","colorDesc":"GLIMMER GOLD","pack":"000008","buyerSKU":"9422490","style":"BYRNE","price":144.0},"size":"P6WA","packCode":null},{"addItem":false,"priceChange":false,"changeLineItem":false,"deleteItem":false,"quantityUnit":"case","isQuantityChange":true,"quantityChangeSign":"+","quantityChange":1,"product":{"poLineNo":"000009","upcen":"406942314449","colorDesc":"BLACK","pack":"000009","buyerSKU":"9422642","style":"BYRNE","price":127.8},"size":"P6NA","packCode":null},{"addItem":false,"priceChange":false,"changeLineItem":false,"deleteItem":false,"quantityUnit":"case","isQuantityChange":true,"quantityChangeSign":"+","quantityChange":1,"product":{"poLineNo":"000010","upcen":"406942314456","colorDesc":"BLACK","pack":"000010","buyerSKU":"9422650","style":"BYRNE","price":127.8},"size":"P6OA","packCode":null},{"addItem":false,"priceChange":false,"changeLineItem":false,"deleteItem":false,"quantityUnit":"case","isQuantityChange":true,"quantityChangeSign":"+","quantityChange":1,"product":{"poLineNo":"000011","upcen":"406942314463","colorDesc":"BLACK","pack":"000011","buyerSKU":"9422651","style":"BYRNE","price":127.8},"size":"P6PA","packCode":null},{"addItem":false,"priceChange":false,"changeLineItem":false,"deleteItem":false,"quantityUnit":"case","isQuantityChange":true,"quantityChangeSign":"+","quantityChange":3,"product":{"poLineNo":"000012","upcen":"406942314470","colorDesc":"BLACK","pack":"000012","buyerSKU":"9422652","style":"BYRNE","price":127.8},"size":"P6QA","packCode":null},{"addItem":false,"priceChange":false,"changeLineItem":false,"deleteItem":false,"quantityUnit":"case","isQuantityChange":true,"quantityChangeSign":"+","quantityChange":3,"product":{"poLineNo":"000013","upcen":"406942314487","colorDesc":"BLACK","pack":"000013","buyerSKU":"9422653","style":"BYRNE","price":127.8},"size":"P6RA","packCode":null},{"addItem":false,"priceChange":false,"changeLineItem":false,"deleteItem":false,"quantityUnit":"case","isQuantityChange":true,"quantityChangeSign":"+","quantityChange":3,"product":{"poLineNo":"000014","upcen":"406942314494","colorDesc":"BLACK","pack":"000014","buyerSKU":"9422654","style":"BYRNE","price":127.8},"size":"P6SA","packCode":null},{"addItem":false,"priceChange":false,"changeLineItem":false,"deleteItem":false,"quantityUnit":"case","isQuantityChange":true,"quantityChangeSign":"+","quantityChange":2,"product":{"poLineNo":"000015","upcen":"406942314500","colorDesc":"BLACK","pack":"000015","buyerSKU":"9422655","style":"BYRNE","price":127.8},"size":"P6TA","packCode":null},{"addItem":false,"priceChange":false,"changeLineItem":false,"deleteItem":false,"quantityUnit":"case","isQuantityChange":true,"quantityChangeSign":"+","quantityChange":3,"product":{"poLineNo":"000016","upcen":"406942314517","colorDesc":"BLACK","pack":"000016","buyerSKU":"9422656","style":"BYRNE","price":127.8},"size":"P6UA","packCode":null},{"addItem":false,"priceChange":false,"changeLineItem":false,"deleteItem":false,"quantityUnit":"case","isQuantityChange":true,"quantityChangeSign":"+","quantityChange":3,"product":{"poLineNo":"000017","upcen":"406942314531","colorDesc":"BLACK","pack":"000017","buyerSKU":"9422659","style":"BYRNE","price":127.8},"size":"P6WA","packCode":null}],"errorList":[],"hasError":false},{"ediType":"860","update":true,"edi":true,"isChange":true,"purpose":"Change","poNo":"0065128800","poDate":"2019-12-30T00:00:00","poOrder":4,"vendorPartyName":"H KUNTZLER INDUSTRIA","vendorAdditionalName1":"DE CALCADOS LTDA","vendorPartyAddress1":"95 SAO MIGUEL AVE","vendorPartyCountryCode":"BRA","vendorPartyStateZip":"93950-000","ediCreatedDateActual":"2020/04/1101:14","dataInterchangeDateActual":"2020-04-11T01:14:00","purchaseOrderItems":[{"addItem":false,"priceChange":false,"changeLineItem":false,"deleteItem":false,"quantityUnit":"case","isQuantityChange":true,"quantityChangeSign":"+","quantityChange":3,"product":{"poLineNo":"000001","upcen":"406942314807","colorDesc":"BLACK/ECRU","pack":"000001","buyerSKU":"9422694","style":"BRANSON","price":156.0},"size":"P6VA","packCode":null}],"errorList":[],"hasError":false},{"ediType":"860","update":true,"edi":true,"isChange":true,"purpose":"Change","poNo":"0075611700","poDate":"2020-04-09T00:00:00","poOrder":5,"shipNotBefore":"2020-06-17T00:00:00","doNotShipAfter":"2020-06-23T00:00:00","vendorPartyName":"CALCADOS MALU LTD","vendorPartyAddress1":"RUA RUDOLFO BEHNE, 166","vendorPartyCountryCode":"BRA","vendorPartyStateZip":"93940-000","ediCreatedDateActual":"2020/04/1101:14","dataInterchangeDateActual":"2020-04-11T01:14:00","errorList":[],"hasError":false},{"ediType":"860","update":true,"edi":true,"isChange":true,"purpose":"Change","poNo":"0075611800","poDate":"2020-04-09T00:00:00","poOrder":6,"shipNotBefore":"2020-06-17T00:00:00","doNotShipAfter":"2020-06-23T00:00:00","vendorPartyName":"CALCADOS MALU LTD","vendorPartyAddress1":"RUA RUDOLFO BEHNE, 166","vendorPartyCountryCode":"BRA","vendorPartyStateZip":"93940-000","ediCreatedDateActual":"2020/04/1101:14","dataInterchangeDateActual":"2020-04-11T01:14:00","errorList":[],"hasError":false}]},"success":true,"importError":[],"exportError":[{"name":"Wrong joinvalue element type","message":"The type (hardCode) of join value in   may not correct. Please Check!"},{"name":"Wrong joinvalue element type","message":"The type (hardCode) of join value in   may not correct. Please Check!"},{"name":"Wrong joinvalue element type","message":"The type (hardCode) of join value in   may not correct. Please Check!"},{"name":"Wrong joinvalue element type","message":"The type (hardCode) of join value in   may not correct. Please Check!"},{"name":"Wrong joinvalue element type","message":"The type (hardCode) of join value in   may not correct. Please Check!"},{"name":"Wrong joinvalue element type","message":"The type (hardCode) of join value in   may not correct. Please Check!"}]}