{"id":75,"rawData":{"formattedJson":[{"header":{"authorizationInfoQualifier":"00","authorizationInfoQualifier_1":"          ","securityInfoQualifier":"00","securityInformation":"          ","ISASenderIdQl":"08","ISASenderId":"6112390050     ","ISAReceiverQl":"12","ISAReceiverId":"718978080      ","createdDate":"2020/04/10","createdTime":"01:15","interchangeStandardsId":"U","interchangeVersionId":"00403","interchangeControlNumber":"000000155","acknowledgementRequested ":"0","testOrProd":"Prod","subElementSeparator":">","functionalId":"PC","senderId":"GXS","receiverId":"718978080","dataInterchangeDate":"2020/04/10","dataInterchangeTime":"01:15","noSent":"155","responsibleAgencyCode":"X","versionId":"004030VICS"},"footer":{"noSent":4,"dataInterchangeControlNum":155,"numberofIncludedGroups":1,"interchangeControlNumber":"000000155"},"content":[{"ediType":"860","poOrder":1,"purpose":"Change","poType":"Stand-alone","poNo":"0052874400","poDate":"2019/09/12","poChangeRequestDate":"2020/04/09","074date/TimeQualifier":"074","074Date":"2020/05/16","vendororganizationIdentifier":"vendor","vendorPartyName":"CALCADOS MALU LTD","vendorPartyAddress1":"RUA RUDOLFO BEHNE, 166","vendorCityName":"LINDOLFO COLLOR","vendorPartyStateZip":"93940-000","vendorPartyCountryCode":"BRA","numberofLineItems":0,"numberofIncludedSegments":8,"transactionSetControlNumber":1,"createdDate":"2020/04/10","createdTime":"01:15","dataInterchangeDate":"2020/04/10","dataInterchangeTime":"01:15","errorList":[],"hasError":false},{"ediType":"860","poOrder":2,"purpose":"Change","poType":"Stand-alone","poNo":"0054527500","poDate":"2019/09/26","poChangeRequestDate":"2020/04/09","074date/TimeQualifier":"074","074Date":"2020/05/12","vendororganizationIdentifier":"vendor","vendorPartyName":"CALCADOS MALU LTD","vendorPartyAddress1":"RUA RUDOLFO BEHNE, 166","vendorCityName":"LINDOLFO COLLOR","vendorPartyStateZip":"93940-000","vendorPartyCountryCode":"BRA","numberofLineItems":0,"numberofIncludedSegments":8,"transactionSetControlNumber":2,"createdDate":"2020/04/10","createdTime":"01:15","dataInterchangeDate":"2020/04/10","dataInterchangeTime":"01:15","errorList":[],"hasError":false},{"ediType":"860","poOrder":3,"purpose":"Change","poType":"Stand-alone","poNo":"0054527600","poDate":"2019/09/26","poChangeRequestDate":"2020/04/09","074date/TimeQualifier":"074","074Date":"2020/05/12","vendororganizationIdentifier":"vendor","vendorPartyName":"CALCADOS MALU LTD","vendorPartyAddress1":"RUA RUDOLFO BEHNE, 166","vendorCityName":"LINDOLFO COLLOR","vendorPartyStateZip":"93940-000","vendorPartyCountryCode":"BRA","numberofLineItems":0,"numberofIncludedSegments":8,"transactionSetControlNumber":3,"createdDate":"2020/04/10","createdTime":"01:15","dataInterchangeDate":"2020/04/10","dataInterchangeTime":"01:15","errorList":[],"hasError":false},{"ediType":"860","poOrder":4,"purpose":"Change","poType":"Stand-alone","poNo":"0061265600","poDate":"2019/11/25","poChangeRequestDate":"2020/04/09","074date/TimeQualifier":"074","074Date":"2020/05/16","vendororganizationIdentifier":"vendor","vendorPartyName":"CALCADOS MALU LTD","vendorPartyAddress1":"RUA RUDOLFO BEHNE, 166","vendorCityName":"LINDOLFO COLLOR","vendorPartyStateZip":"93940-000","vendorPartyCountryCode":"BRA","numberofLineItems":0,"numberofIncludedSegments":8,"transactionSetControlNumber":4,"createdDate":"2020/04/10","createdTime":"01:15","dataInterchangeDate":"2020/04/10","dataInterchangeTime":"01:15","errorList":[],"hasError":false}]}],"importError":[]},"data":{"ISASenderIdQl":"08","ISASenderId":"6112390050     ","ISAReceiverQl":"12","ISAReceiverId":"718978080      ","testOrProd":"Prod","senderId":"GXS","receiverId":"GXS","versionId":"004030VICS","noSent":4,"ediType":"860","poList":[{"ediType":"860","update":true,"edi":true,"isChange":true,"purpose":"Change","poNo":"0052874400","poDate":"2019-09-12T00:00:00","poOrder":1,"vendorPartyName":"CALCADOS MALU LTD","vendorPartyAddress1":"RUA RUDOLFO BEHNE, 166","vendorPartyCountryCode":"BRA","vendorPartyStateZip":"93940-000","ediCreatedDateActual":"2020/04/1001:15","dataInterchangeDateActual":"2020-04-10T01:15:00","errorList":[],"hasError":false},{"ediType":"860","update":true,"edi":true,"isChange":true,"purpose":"Change","poNo":"0054527500","poDate":"2019-09-26T00:00:00","poOrder":2,"vendorPartyName":"CALCADOS MALU LTD","vendorPartyAddress1":"RUA RUDOLFO BEHNE, 166","vendorPartyCountryCode":"BRA","vendorPartyStateZip":"93940-000","ediCreatedDateActual":"2020/04/1001:15","dataInterchangeDateActual":"2020-04-10T01:15:00","errorList":[],"hasError":false},{"ediType":"860","update":true,"edi":true,"isChange":true,"purpose":"Change","poNo":"0054527600","poDate":"2019-09-26T00:00:00","poOrder":3,"vendorPartyName":"CALCADOS MALU LTD","vendorPartyAddress1":"RUA RUDOLFO BEHNE, 166","vendorPartyCountryCode":"BRA","vendorPartyStateZip":"93940-000","ediCreatedDateActual":"2020/04/1001:15","dataInterchangeDateActual":"2020-04-10T01:15:00","errorList":[],"hasError":false},{"ediType":"860","update":true,"edi":true,"isChange":true,"purpose":"Change","poNo":"0061265600","poDate":"2019-11-25T00:00:00","poOrder":4,"vendorPartyName":"CALCADOS MALU LTD","vendorPartyAddress1":"RUA RUDOLFO BEHNE, 166","vendorPartyCountryCode":"BRA","vendorPartyStateZip":"93940-000","ediCreatedDateActual":"2020/04/1001:15","dataInterchangeDateActual":"2020-04-10T01:15:00","errorList":[],"hasError":false}]},"success":true,"importError":[],"exportError":[{"name":"Wrong joinvalue element type","message":"The type (hardCode) of join value in   may not correct. Please Check!"},{"name":"Wrong joinvalue element type","message":"The type (hardCode) of join value in   may not correct. Please Check!"},{"name":"Wrong joinvalue element type","message":"The type (hardCode) of join value in   may not correct. Please Check!"},{"name":"Wrong joinvalue element type","message":"The type (hardCode) of join value in   may not correct. Please Check!"}]}