{"id":745,"rawData":{"formattedJson":[{"?xml":{"@version":"1.0","@encoding":"UTF-8","@standalone":"yes"},"ISFResponse":{"interchangeHeader":{"docRefNum":"20200525213141","messageID":"00000000000051"},"responseHeader":{"importerNum":"11-1111111AA","shipmentReference":{"codeQualifier":"BM","shipmentRefID":"TESTMAY202020"}},"responseDetails":{"responseInfo":[{"messageGroup":"ISFHeader","statusType":"11","code":"SA7","codeDescription":"CONT BOND NOT ON FILE","additionalRemark":"sfSubmissionType = 1|shipmentTypeCode = 01|actionCode = A|actionReasonCode = CT|importerNumType = EI|importerID = 11-1111111AA|modeOfTransportation = 11|scacID = CMDU|bondHolder = 11-1111111AA|bondActivityCode = 01|bondType = 8|"},{"messageGroup":"containerInfo","statusType":"11","code":"S47","codeDescription":"INVAL EQUIPMENT SIZE TYPE","additionalRemark":"containerDescCode = 40|containerInitial = CCLU|containerNumber = 4445491|numberCheckDigit = 1|sizeTypeCode = 40GP"},{"messageGroup":"commercial","statusType":"11","code":"S75","codeDescription":"ENTITY IDENT NOT ON FILE"},{"messageGroup":"manufacturer","additionalRemark":"entityType = MF|entityName = DILLARD'S|"},{"messageGroup":"manufacturer - htsNumber","statusType":"11","code":"S89","codeDescription":"HTS CODE NOT ON FILE","additionalRemark":"harmonizedNum = 22222222|countryOfOrigin = CH"}]},"responseSummary":{"statusType":"REJECTED","codeDescription":"ISF REJECTED"}}}],"importError":[]},"data":{"messageID":"00000000000051","importerNum":"11-1111111AA","shipmentRefType":"BM","shipmentRefID":"TESTMAY202020","responseSummary":"REJECTED","responseDetails":[{"errorGroup":"ISFHeader","code":"SA7","codeDescription":"sfSubmissionType = 1|shipmentTypeCode = 01|actionCode = A|actionReasonCode = CT|importerNumType = EI|importerID = 11-1111111AA|modeOfTransportation = 11|scacID = CMDU|bondHolder = 11-1111111AA|bondActivityCode = 01|bondType = 8|"},{"errorGroup":"containerInfo","code":"S47","codeDescription":"containerDescCode = 40|containerInitial = CCLU|containerNumber = 4445491|numberCheckDigit = 1|sizeTypeCode = 40GP"},{"errorGroup":"commercial","code":"S75","codeDescription":"ENTITY IDENT NOT ON FILE"},{"errorGroup":"manufacturer","codeDescription":"entityType = MF|entityName = DILLARD'S|"},{"errorGroup":"manufacturer - htsNumber","code":"S89","codeDescription":"harmonizedNum = 22222222|countryOfOrigin = CH"}]},"success":true,"importError":[],"exportError":[]}