{"id":751,"rawData":{"formattedJson":[{"?xml":{"@version":"1.0","@encoding":"UTF-8","@standalone":"yes"},"ISFResponse":{"interchangeHeader":{"docRefNum":"20200520207526","messageID":"20200520207510"},"responseHeader":{"importerNum":"95-4707671","transactionNumber":"EGLV75465772601","shipmentReference":{"codeQualifier":"BM","shipmentRefID":"0TESTMAY202020"}},"responseDetails":{"responseInfo":[{"messageGroup":"NA","statusType":"NA","code":"S3","codeDescription":"AMS BILL NOT MATCHED TO ISF"}]},"responseSummary":{"statusType":"Status Notification","codeDescription":"AMS BILL NOT MATCHED TO ISF"}}}],"importError":[]},"data":{"messageID":"20200520207510","importerNum":"95-4707671","shipmentRefType":"BM","shipmentRefID":"0TESTMAY202020","responseSummary":"Status Notification","responseDetails":[{"errorGroup":"NA","code":"S3","codeDescription":"AMS BILL NOT MATCHED TO ISF"}]},"success":true,"importError":[],"exportError":[]}