{"id":748,"rawData":{"formattedJson":[{"?xml":{"@version":"1.0","@encoding":"UTF-8","@standalone":"yes"},"ISFResponse":{"interchangeHeader":{"docRefNum":"20200525213141","messageID":"00000000000061"},"responseHeader":{"importerNum":"95-4707671","transactionNumber":"EGLV73104468653","shipmentReference":{"codeQualifier":"BM","shipmentRefID":"TESTMAY202020"}},"responseDetails":null,"responseSummary":{"statusType":"ACCEPTED","codeDescription":"ISF ACCEPTED"}}}],"importError":[{"category":"formatError","errorType":"No such value","elementIndex":0,"contentPosition":0,"segmentPosition":null,"contentStartPosition":0,"errorID":null,"element":null,"message":"The changeToList location ISFResponse.responseDetails.responseInfo doesn't exist. Please Check!"}]},"data":{"messageID":"00000000000061","importerNum":"95-4707671","shipmentRefType":"BM","shipmentRefID":"TESTMAY202020","responseSummary":"ACCEPTED"},"success":true,"importError":[{"category":"formatError","errorType":"No such value","elementIndex":0,"contentPosition":0,"segmentPosition":null,"contentStartPosition":0,"errorID":null,"element":null,"message":"The changeToList location ISFResponse.responseDetails.responseInfo doesn't exist. Please Check!"}],"exportError":[]}