{"id":758,"rawData":{"formattedJson":[{"?xml":{"@version":"1.0","@encoding":"UTF-8","@standalone":"yes"},"ISFResponse":{"interchangeHeader":{"docRefNum":"20200525213141","messageID":"00000000000060"},"responseHeader":{"importerNum":"95-4707671","shipmentReference":{"codeQualifier":"BM","shipmentRefID":"TESTMAY202020"}},"responseDetails":{"responseInfo":[{"messageGroup":"containerInfo","statusType":"11","code":"S47","codeDescription":"INVAL EQUIPMENT SIZE TYPE","additionalRemark":"containerDescCode = 2B|containerInitial = CCLU|containerNumber = 4445491|numberCheckDigit = 1|sizeTypeCode = 2BOB"}]},"responseSummary":{"statusType":"REJECTED","codeDescription":"ISF REJECTED"}}}],"importError":[]},"data":{"messageID":"00000000000060","importerNum":"95-4707671","shipmentRefType":"BM","shipmentRefID":"TESTMAY202020","responseSummary":"REJECTED","responseDetails":[{"errorGroup":"containerInfo","code":"S47","codeDescription":"containerDescCode = 2B|containerInitial = CCLU|containerNumber = 4445491|numberCheckDigit = 1|sizeTypeCode = 2BOB"}]},"success":true,"importError":[],"exportError":[]}