{"id":752,"rawData":{"formattedJson":[{"?xml":{"@version":"1.0","@encoding":"UTF-8","@standalone":"yes"},"ISFResponse":{"interchangeHeader":{"docRefNum":"20200527215589","messageID":"00000000000069"},"responseHeader":{"importerNum":"95-4707671","shipmentReference":{"codeQualifier":"BM","shipmentRefID":"TESTMAY202021"}},"responseDetails":{"responseInfo":[{"messageGroup":"containerInfo","statusType":"11","code":"S47","codeDescription":"INVAL EQUIPMENT SIZE TYPE","additionalRemark":"containerDescCode = 2B|containerInitial = CCLU|containerNumber = 4445491|numberCheckDigit = 1|sizeTypeCode = 2B"}]},"responseSummary":{"statusType":"REJECTED","codeDescription":"ISF REJECTED"}}}],"importError":[]},"data":{"messageID":"00000000000069","importerNum":"95-4707671","shipmentRefType":"BM","shipmentRefID":"TESTMAY202021","responseSummary":"REJECTED","responseDetails":[{"errorGroup":"containerInfo","code":"S47","codeDescription":"containerDescCode = 2B|containerInitial = CCLU|containerNumber = 4445491|numberCheckDigit = 1|sizeTypeCode = 2B"}]},"success":true,"importError":[],"exportError":[]}