{"id":742,"rawData":{"formattedJson":[{"?xml":{"@version":"1.0","@encoding":"UTF-8","@standalone":"yes"},"ISFResponse":{"interchangeHeader":{"docRefNum":"20200520207358","messageID":"19137997899919998"},"responseHeader":{"importerNum":"95-4707671","transactionNumber":"EGLV49253501766","shipmentReference":{"codeQualifier":"BM","shipmentRefID":"0TESTJAN222039"}},"responseDetails":{"responseInfo":[{"messageGroup":"NA","statusType":"NA","code":"S3","codeDescription":"AMS BILL NOT MATCHED TO ISF"}]},"responseSummary":{"statusType":"Status Notification","codeDescription":"AMS BILL NOT MATCHED TO ISF"}}}],"importError":[]},"data":{"messageID":"19137997899919998","importerNum":"95-4707671","shipmentRefType":"BM","shipmentRefID":"0TESTJAN222039","responseSummary":"Status Notification","responseDetails":[{"errorGroup":"NA","code":"S3","codeDescription":"AMS BILL NOT MATCHED TO ISF"}]},"success":true,"importError":[],"exportError":[]}