{"id":749,"rawData":{"formattedJson":[{"?xml":{"@version":"1.0","@encoding":"UTF-8","@standalone":"yes"},"ISFResponse":{"interchangeHeader":{"docRefNum":"20200520207358","messageID":"19137997899919998"},"responseHeader":{"importerNum":"95-4707671","transactionNumber":"EGLV49253501766","shipmentReference":{"codeQualifier":"BM","shipmentRefID":"0TESTJAN222039"}},"responseDetails":null,"responseSummary":{"statusType":"ACCEPTED","codeDescription":"ISF ACCEPTED"}}}],"importError":[{"category":"formatError","errorType":"No such value","elementIndex":0,"contentPosition":0,"segmentPosition":null,"contentStartPosition":0,"errorID":null,"element":null,"message":"The changeToList location ISFResponse.responseDetails.responseInfo doesn't exist. Please Check!"}]},"data":{"messageID":"19137997899919998","importerNum":"95-4707671","shipmentRefType":"BM","shipmentRefID":"0TESTJAN222039","responseSummary":"ACCEPTED"},"success":true,"importError":[{"category":"formatError","errorType":"No such value","elementIndex":0,"contentPosition":0,"segmentPosition":null,"contentStartPosition":0,"errorID":null,"element":null,"message":"The changeToList location ISFResponse.responseDetails.responseInfo doesn't exist. Please Check!"}],"exportError":[]}