{"id":761,"rawData":{"formattedJson":[{"?xml":{"@version":"1.0","@encoding":"UTF-8","@standalone":"yes"},"ISFResponse":{"interchangeHeader":{"docRefNum":"20200520207494","messageID":"20200520207409"},"responseHeader":{"importerNum":"95-4707671","shipmentReference":{"codeQualifier":"BM","shipmentRefID":"2TESTMAY192020MON"}},"responseDetails":{"responseInfo":[{"messageGroup":"shipmentReference","statusType":"11","code":"S32","codeDescription":"INVALID BILL FORMAT","additionalRemark":"BLType = BM|BLID = 2TESTMAY192020MON"}]},"responseSummary":{"statusType":"REJECTED","codeDescription":"ISF REJECTED"}}}],"importError":[]},"data":{"messageID":"20200520207409","importerNum":"95-4707671","shipmentRefType":"BM","shipmentRefID":"2TESTMAY192020MON","responseSummary":"REJECTED","responseDetails":[{"errorGroup":"shipmentReference","code":"S32","codeDescription":"BLType = BM|BLID = 2TESTMAY192020MON"}]},"success":true,"importError":[],"exportError":[]}