{"id":746,"rawData":{"formattedJson":[{"?xml":{"@version":"1.0","@encoding":"UTF-8","@standalone":"yes"},"ISFResponse":{"interchangeHeader":{"docRefNum":null,"messageID":"202005191234569888"},"responseHeader":null,"responseDetails":{"responseInfo":[{"messageGroup":"interchangeHeader","code":"REJECTED","codeDescription":"CL_SYNTAX","additionalRemark":"messageID=202005191234569888[Invalid length]"}]},"responseSummary":{"statusType":"REJECTED","code":"CL_SYNTAX","codeDescription":"CL DETECTED SYNTAX ERROR","additionalRemark":"Syntax Error in interchangeHeader"}}}],"importError":[]},"data":{"messageID":"202005191234569888","responseSummary":"REJECTED","responseDetails":[{"errorGroup":"interchangeHeader","code":"REJECTED","codeDescription":"messageID=202005191234569888[Invalid length]"}]},"success":true,"importError":[],"exportError":[]}