{"id":756,"rawData":{"formattedJson":[{"?xml":{"@version":"1.0","@encoding":"UTF-8","@standalone":"yes"},"ISFResponse":{"interchangeHeader":{"docRefNum":null,"messageID":"00000000000068"},"responseHeader":{"importerNum":"95-4707671","shipmentReference":{"codeQualifier":"BM","shipmentRefID":"TESTMAY202020"}},"responseDetails":{"responseInfo":[{"messageGroup":"ISFHeader","code":"REJECTED","codeDescription":"CL_BUSINESS","additionalRemark":"BLID=TESTMAY202020[BL Number already in AC status, Please use action code 'R' for modification and 'D' for Deletion.]"}]},"responseSummary":{"statusType":"REJECTED","code":"CL_BUSINESS","codeDescription":"CL DETECTED BUSINESS ERROR","additionalRemark":"Business Error in ISFHeader"}}}],"importError":[]},"data":{"messageID":"00000000000068","importerNum":"95-4707671","shipmentRefType":"BM","shipmentRefID":"TESTMAY202020","responseSummary":"REJECTED","responseDetails":[{"errorGroup":"ISFHeader","code":"REJECTED","codeDescription":"BLID=TESTMAY202020[BL Number already in AC status, Please use action code 'R' for modification and 'D' for Deletion.]"}]},"success":true,"importError":[],"exportError":[]}