{"id":755,"rawData":{"formattedJson":[{"?xml":{"@version":"1.0","@encoding":"UTF-8","@standalone":"yes"},"ISFResponse":{"interchangeHeader":{"docRefNum":null,"messageID":"00000000000033"},"responseHeader":{"importerNum":"11-1111111AA","transactionNumber":"8ABC20091234567","shipmentReference":[{"codeQualifier":"OB","shipmentRefID":"STUV9123456789"},{"codeQualifier":"OB","shipmentRefID":"STUV9123456780"},{"codeQualifier":"OM","shipmentRefID":"ABCD9123456780"}]},"responseDetails":{"responseInfo":[{"messageGroup":"ISFHeader","code":"REJECTED","codeDescription":"CL_SYNTAX","additionalRemark":"bondType=2[Invalid bondType]"},{"messageGroup":"shipmentReference","code":"REJECTED","codeDescription":"CL_SYNTAX","additionalRemark":"BLType=OM[Invalid BLType]"}]},"responseSummary":{"statusType":"REJECTED","code":"CL_SYNTAX","codeDescription":"CL DETECTED SYNTAX ERROR","additionalRemark":"Syntax Error in ISFHeader|shipmentReference"}}}],"importError":[]},"data":{"messageID":"00000000000033","importerNum":"11-1111111AA","responseSummary":"REJECTED","responseDetails":[{"errorGroup":"ISFHeader","code":"REJECTED","codeDescription":"bondType=2[Invalid bondType]"},{"errorGroup":"shipmentReference","code":"REJECTED","codeDescription":"BLType=OM[Invalid BLType]"}]},"success":true,"importError":[],"exportError":[]}