{"id":750,"rawData":{"formattedJson":[{"?xml":{"@version":"1.0","@encoding":"UTF-8","@standalone":"yes"},"ISFResponse":{"interchangeHeader":{"docRefNum":null,"messageID":"00000000000042"},"responseHeader":{"importerNum":"11-1111111AA","shipmentReference":[{"codeQualifier":"OB","shipmentRefID":"STUV9123456789"},{"codeQualifier":"OB","shipmentRefID":"STUV9123456780"},{"codeQualifier":"BM","shipmentRefID":"ABCD9123456780"}]},"responseDetails":{"responseInfo":[{"messageGroup":"commercial","code":"REJECTED","codeDescription":"CL_BUSINESS","additionalRemark":"entityIDType=EI[Invalid entityIDType]"},{"messageGroup":"commercial","code":"REJECTED","codeDescription":"CL_BUSINESS","additionalRemark":"entityIDType=EI[Invalid entityIDType]"},{"messageGroup":"commercial","code":"REJECTED","codeDescription":"CL_BUSINESS","additionalRemark":"entityIDType=EI[Invalid entityIDType]"},{"messageGroup":"commercial","code":"REJECTED","codeDescription":"CL_BUSINESS","additionalRemark":"entityIDType=EI[Invalid entityIDType]"},{"messageGroup":"commercial","code":"REJECTED","codeDescription":"CL_BUSINESS","additionalRemark":"entityIDType=EI[Invalid entityIDType]"},{"messageGroup":"manufacturer-entity","code":"REJECTED","codeDescription":"CL_BUSINESS","additionalRemark":"entityIDType=EI[Invalid entityIDType]"}]},"responseSummary":{"statusType":"REJECTED","code":"CL_BUSINESS","codeDescription":"CL DETECTED BUSINESS ERROR","additionalRemark":"Business Error in commercial|manufacturer"}}}],"importError":[]},"data":{"messageID":"00000000000042","importerNum":"11-1111111AA","responseSummary":"REJECTED","responseDetails":[{"errorGroup":"commercial","code":"REJECTED","codeDescription":"entityIDType=EI[Invalid entityIDType]"},{"errorGroup":"commercial","code":"REJECTED","codeDescription":"entityIDType=EI[Invalid entityIDType]"},{"errorGroup":"commercial","code":"REJECTED","codeDescription":"entityIDType=EI[Invalid entityIDType]"},{"errorGroup":"commercial","code":"REJECTED","codeDescription":"entityIDType=EI[Invalid entityIDType]"},{"errorGroup":"commercial","code":"REJECTED","codeDescription":"entityIDType=EI[Invalid entityIDType]"},{"errorGroup":"manufacturer-entity","code":"REJECTED","codeDescription":"entityIDType=EI[Invalid entityIDType]"}]},"success":true,"importError":[],"exportError":[]}