{"id":760,"rawData":{"formattedJson":[{"?xml":{"@version":"1.0","@encoding":"UTF-8","@standalone":"yes"},"ISFResponse":{"interchangeHeader":{"docRefNum":null,"messageID":"00000000000050"},"responseHeader":{"importerNum":"11-1111111AA","shipmentReference":{"codeQualifier":"BM","shipmentRefID":"0TESTMAY202020"}},"responseDetails":{"responseInfo":[{"messageGroup":"ISFHeader","code":"REJECTED","codeDescription":"CL_BUSINESS","additionalRemark":"BLID=0TESTMAY202020[BL Number already in AC status, Please use action code 'R' for modification and 'D' for Deletion.]"}]},"responseSummary":{"statusType":"REJECTED","code":"CL_BUSINESS","codeDescription":"CL DETECTED BUSINESS ERROR","additionalRemark":"Business Error in ISFHeader"}}}],"importError":[]},"data":{"messageID":"00000000000050","importerNum":"11-1111111AA","shipmentRefType":"BM","shipmentRefID":"0TESTMAY202020","responseSummary":"REJECTED","responseDetails":[{"errorGroup":"ISFHeader","code":"REJECTED","codeDescription":"BLID=0TESTMAY202020[BL Number already in AC status, Please use action code 'R' for modification and 'D' for Deletion.]"}]},"success":true,"importError":[],"exportError":[]}