{"id":762,"rawData":{"formattedJson":[{"?xml":{"@version":"1.0","@encoding":"UTF-8","@standalone":"yes"},"ISFResponse":{"interchangeHeader":{"docRefNum":null,"messageID":"00000000000048"},"responseHeader":{"shipmentReference":[{"codeQualifier":"OB","shipmentRefID":"STUV9123456789"},{"codeQualifier":"OB","shipmentRefID":"STUV9123456780"},{"codeQualifier":"BM","shipmentRefID":"ABCD9123456780"}]},"responseDetails":{"responseInfo":[{"messageGroup":"shipmentReference","code":"REJECTED","codeDescription":"CL_BUSINESS","additionalRemark":"BLID=STUV9123456789|BLID=STUV9123456789|BLID=STUV9123456789"},{"messageGroup":"shipmentReference","code":"REJECTED","codeDescription":"CL_BUSINESS","additionalRemark":"BLID=STUV9123456789|BLID=STUV9123456789|BLID=STUV9123456789"}]},"responseSummary":{"statusType":"REJECTED","code":"CL_BUSINESS","codeDescription":"CL DETECTED BUSINESS ERROR","additionalRemark":"Duplicate BL No"}}}],"importError":[]},"data":{"messageID":"00000000000048","responseSummary":"REJECTED","responseDetails":[{"errorGroup":"shipmentReference","code":"REJECTED","codeDescription":"BLID=STUV9123456789|BLID=STUV9123456789|BLID=STUV9123456789"},{"errorGroup":"shipmentReference","code":"REJECTED","codeDescription":"BLID=STUV9123456789|BLID=STUV9123456789|BLID=STUV9123456789"}]},"success":true,"importError":[],"exportError":[]}