{"id":747,"rawData":{"formattedJson":[{"?xml":{"@version":"1.0","@encoding":"UTF-8","@standalone":"yes"},"ISFResponse":{"interchangeHeader":{"docRefNum":null,"messageID":"00000000000036"},"responseHeader":{"importerNum":"11-1111111AA","transactionNumber":"8ABC20091234567","shipmentReference":[{"codeQualifier":"OB","shipmentRefID":"STUV9123456789"},{"codeQualifier":"OB","shipmentRefID":"STUV9123456780"},{"codeQualifier":"BM","shipmentRefID":"ABCD9123456780"}]},"responseDetails":{"responseInfo":[{"messageGroup":"ISFHeader","code":"REJECTED","codeDescription":"CL_BUSINESS","additionalRemark":"countryOfIssuance=SG[Not needed]|transactionNumber=8ABC20091234567[Not needed]"},{"messageGroup":"commercial","code":"REJECTED","codeDescription":"CL_BUSINESS","additionalRemark":"entityIDType=EI[Invalid entityIDType]|stateCode=ARK[Invalid stateCode]"},{"messageGroup":"commercial","code":"REJECTED","codeDescription":"CL_BUSINESS","additionalRemark":"entityIDType=EI[Invalid entityIDType]|stateCode=ARK[Invalid stateCode]"},{"messageGroup":"commercial","code":"REJECTED","codeDescription":"CL_BUSINESS","additionalRemark":"entityIDType=EI[Invalid entityIDType]|stateCode=ARK[Invalid stateCode]"},{"messageGroup":"commercial","code":"REJECTED","codeDescription":"CL_BUSINESS","additionalRemark":"entityIDType=EI[Invalid entityIDType]|stateCode=ARK[Invalid stateCode]"},{"messageGroup":"commercial","code":"REJECTED","codeDescription":"CL_BUSINESS","additionalRemark":"entityAddress=[entityAddress not needed for CN entityType]|stateCode=ARK[Invalid stateCode]|geographicalData=[geographicalData not needed for CN entityType]|entityName=DILLARD'S[Not Needed for CN entityType]"},{"messageGroup":"commercial","code":"REJECTED","codeDescription":"CL_BUSINESS","additionalRemark":"entityIDType=EI[Invalid entityIDType]|stateCode=ARK[Invalid stateCode]"},{"messageGroup":"manufacturer-entity","code":"REJECTED","codeDescription":"CL_BUSINESS","additionalRemark":"entityIDType=EI[Invalid entityIDType]|stateCode=ARK[Invalid stateCode]"}]},"responseSummary":{"statusType":"REJECTED","code":"CL_BUSINESS","codeDescription":"CL DETECTED BUSINESS ERROR","additionalRemark":"Business Error in ISFHeader|commercial|manufacturer"}}}],"importError":[]},"data":{"messageID":"00000000000036","importerNum":"11-1111111AA","responseSummary":"REJECTED","responseDetails":[{"errorGroup":"ISFHeader","code":"REJECTED","codeDescription":"countryOfIssuance=SG[Not needed]|transactionNumber=8ABC20091234567[Not needed]"},{"errorGroup":"commercial","code":"REJECTED","codeDescription":"entityIDType=EI[Invalid entityIDType]|stateCode=ARK[Invalid stateCode]"},{"errorGroup":"commercial","code":"REJECTED","codeDescription":"entityIDType=EI[Invalid entityIDType]|stateCode=ARK[Invalid stateCode]"},{"errorGroup":"commercial","code":"REJECTED","codeDescription":"entityIDType=EI[Invalid entityIDType]|stateCode=ARK[Invalid stateCode]"},{"errorGroup":"commercial","code":"REJECTED","codeDescription":"entityIDType=EI[Invalid entityIDType]|stateCode=ARK[Invalid stateCode]"},{"errorGroup":"commercial","code":"REJECTED","codeDescription":"entityAddress=[entityAddress not needed for CN entityType]|stateCode=ARK[Invalid stateCode]|geographicalData=[geographicalData not needed for CN entityType]|entityName=DILLARD'S[Not Needed for CN entityType]"},{"errorGroup":"commercial","code":"REJECTED","codeDescription":"entityIDType=EI[Invalid entityIDType]|stateCode=ARK[Invalid stateCode]"},{"errorGroup":"manufacturer-entity","code":"REJECTED","codeDescription":"entityIDType=EI[Invalid entityIDType]|stateCode=ARK[Invalid stateCode]"}]},"success":true,"importError":[],"exportError":[]}