<?xml version="1.0" encoding="UTF-8" standalone="yes"?><ISFResponse><interchangeHeader><docRefNum>20200520207494</docRefNum><messageID>20200520207409</messageID></interchangeHeader><responseHeader><importerNum>95-4707671</importerNum><shipmentReference><codeQualifier>BM</codeQualifier><shipmentRefID>2TESTMAY192020MON</shipmentRefID></shipmentReference></responseHeader><responseDetails><responseInfo><messageGroup>shipmentReference</messageGroup><statusType>11</statusType><code>S32</code><codeDescription>INVALID BILL FORMAT</codeDescription><additionalRemark>BLType = BM|BLID = 2TESTMAY192020MON</additionalRemark></responseInfo></responseDetails><responseSummary><statusType>REJECTED</statusType><codeDescription>ISF REJECTED</codeDescription></responseSummary></ISFResponse>