<?xml version="1.0" encoding="UTF-8" standalone="yes"?><ISFResponse><interchangeHeader><docRefNum>20200527215589</docRefNum><messageID>00000000000069</messageID></interchangeHeader><responseHeader><importerNum>95-4707671</importerNum><shipmentReference><codeQualifier>BM</codeQualifier><shipmentRefID>TESTMAY202021</shipmentRefID></shipmentReference></responseHeader><responseDetails><responseInfo><messageGroup>containerInfo</messageGroup><statusType>11</statusType><code>S47</code><codeDescription>INVAL EQUIPMENT SIZE TYPE</codeDescription><additionalRemark>containerDescCode = 2B|containerInitial = CCLU|containerNumber = 4445491|numberCheckDigit = 1|sizeTypeCode = 2B</additionalRemark></responseInfo></responseDetails><responseSummary><statusType>REJECTED</statusType><codeDescription>ISF REJECTED</codeDescription></responseSummary></ISFResponse>