<?xml version="1.0" encoding="UTF-8" standalone="yes"?><ISFResponse><interchangeHeader><docRefNum>20200520207358</docRefNum><messageID>19137997899919998</messageID></interchangeHeader><responseHeader><importerNum>95-4707671</importerNum><transactionNumber>EGLV49253501766</transactionNumber><shipmentReference><codeQualifier>BM</codeQualifier><shipmentRefID>0TESTJAN222039</shipmentRefID></shipmentReference></responseHeader><responseDetails/><responseSummary><statusType>ACCEPTED</statusType><codeDescription>ISF ACCEPTED</codeDescription></responseSummary></ISFResponse>