<?xml version="1.0" encoding="UTF-8" standalone="yes"?><ISFResponse><interchangeHeader><docRefNum>20200520207526</docRefNum><messageID>20200520207510</messageID></interchangeHeader><responseHeader><importerNum>95-4707671</importerNum><transactionNumber>EGLV75465772601</transactionNumber><shipmentReference><codeQualifier>BM</codeQualifier><shipmentRefID>0TESTMAY202020</shipmentRefID></shipmentReference></responseHeader><responseDetails><responseInfo><messageGroup>NA</messageGroup><statusType>NA</statusType><code>S3</code><codeDescription>AMS BILL NOT MATCHED TO ISF</codeDescription></responseInfo></responseDetails><responseSummary><statusType>Status Notification</statusType><codeDescription>AMS BILL NOT MATCHED TO ISF</codeDescription></responseSummary></ISFResponse>