<?xml version="1.0" encoding="UTF-8" standalone="yes"?><ISFResponse><interchangeHeader><docRefNum>20200525213141</docRefNum><messageID>00000000000051</messageID></interchangeHeader><responseHeader><importerNum>11-1111111AA</importerNum><shipmentReference><codeQualifier>BM</codeQualifier><shipmentRefID>TESTMAY202020</shipmentRefID></shipmentReference></responseHeader><responseDetails><responseInfo><messageGroup>ISFHeader</messageGroup><statusType>11</statusType><code>SA7</code><codeDescription>CONT BOND NOT ON FILE</codeDescription><additionalRemark>sfSubmissionType = 1|shipmentTypeCode = 01|actionCode = A|actionReasonCode = CT|importerNumType = EI|importerID = 11-1111111AA|modeOfTransportation = 11|scacID = CMDU|bondHolder = 11-1111111AA|bondActivityCode = 01|bondType = 8|</additionalRemark></responseInfo><responseInfo><messageGroup>containerInfo</messageGroup><statusType>11</statusType><code>S47</code><codeDescription>INVAL EQUIPMENT SIZE TYPE</codeDescription><additionalRemark>containerDescCode = 40|containerInitial = CCLU|containerNumber = 4445491|numberCheckDigit = 1|sizeTypeCode = 40GP</additionalRemark></responseInfo><responseInfo><messageGroup>commercial</messageGroup><statusType>11</statusType><code>S75</code><codeDescription>ENTITY IDENT NOT ON FILE</codeDescription></responseInfo><responseInfo><messageGroup>manufacturer</messageGroup><additionalRemark>entityType = MF|entityName = DILLARD'S|</additionalRemark></responseInfo><responseInfo><messageGroup>manufacturer - htsNumber</messageGroup><statusType>11</statusType><code>S89</code><codeDescription>HTS CODE NOT ON FILE</codeDescription><additionalRemark>harmonizedNum = 22222222|countryOfOrigin = CH</additionalRemark></responseInfo></responseDetails><responseSummary><statusType>REJECTED</statusType><codeDescription>ISF REJECTED</codeDescription></responseSummary></ISFResponse>