<?xml version="1.0" encoding="UTF-8" standalone="yes"?><ISFResponse><interchangeHeader><docRefNum>20200525213141</docRefNum><messageID>00000000000061</messageID></interchangeHeader><responseHeader><importerNum>95-4707671</importerNum><transactionNumber>EGLV73104468653</transactionNumber><shipmentReference><codeQualifier>BM</codeQualifier><shipmentRefID>TESTMAY202020</shipmentRefID></shipmentReference></responseHeader><responseDetails/><responseSummary><statusType>ACCEPTED</statusType><codeDescription>ISF ACCEPTED</codeDescription></responseSummary></ISFResponse>