<?xml version="1.0" encoding="UTF-8" standalone="yes"?><ISFResponse><interchangeHeader><docRefNum>20200520207358</docRefNum><messageID>19137997899919998</messageID></interchangeHeader><responseHeader><importerNum>95-4707671</importerNum><transactionNumber>EGLV49253501766</transactionNumber><shipmentReference><codeQualifier>BM</codeQualifier><shipmentRefID>0TESTJAN222039</shipmentRefID></shipmentReference></responseHeader><responseDetails><responseInfo><messageGroup>NA</messageGroup><statusType>NA</statusType><code>S3</code><codeDescription>AMS BILL NOT MATCHED TO ISF</codeDescription></responseInfo></responseDetails><responseSummary><statusType>Status Notification</statusType><codeDescription>AMS BILL NOT MATCHED TO ISF</codeDescription></responseSummary></ISFResponse>